customerID,name,address,lastPurchaseDate
1,Kelly Barry,100 Tracy Loop St,2023-03-10
2,Brandi Herrera,101 Eric Street St,2022-12-16
3,Ruben Davis,102 Rodriguez Ridge St,2023-10-26
4,Jeffrey Jackson,103 Stacy Points St,2022-12-31
5,Joshua Simmons,104 Cook Freeway St,2022-12-31
6,Jack Jones,105 Katie Lock St,2023-02-19
7,Rachel Norton,106 Ashley Mews St,2022-12-31
8,Christopher Davis,107 Joshua Coves St,2023-05-10
9,Anthony Levine,108 Schmidt Bridge St,2022-12-31
10,Emily Williams,109 Patrick Union St,2023-04-28
11,Jacob Lyons,110 Christopher Alley St,2023-01-21
12,Veronica Stanley,111 Simpson Lake St,2023-12-01
13,Jonathan Woodward,112 Sampson Circles St,2022-12-31
14,Stephanie Walker,113 William Via St,2022-12-31
15,Faith Johnson,114 Novak Lane St,2023-07-16
16,Sandra Walsh,115 Michael Radial St,2022-12-31
17,Jennifer Shaffer,116 David Springs St,2022-12-31
18,Margaret Walker,117 Vasquez Curve St,2023-05-11
19,Aimee Warren,118 George Key St,2023-11-14
20,Roy Mccann,119 Jacqueline Lights St,2023-06-30
21,Robert Bryant,120 Judy Tunnel St,2023-01-28
22,Michael Williams,121 Lori Bridge St,2023-03-26
23,Rick Olson,122 James Trafficway St,2023-09-24
24,Katherine Valdez MD,123 Maria Skyway St,2023-09-21
25,Alyssa Williams MD,124 Timothy Forest St,2023-11-29
26,Jordan Robinson,125 Smith Bypass St,2023-11-08
27,Albert Hall,126 Hubbard Brook St,2023-02-11
28,Louis Bean,127 Susan Meadows St,2023-05-23
29,Nathan Hess,128 Brown Mountains St,2022-12-31
30,Karen Kelley,129 Peggy Manor St,2023-05-14
31,Beverly Mack MD,130 Timothy Mall St,2022-12-31
32,Peter Montes,131 Beverly Plaza St,2023-08-31
33,Jasmine Gardner,132 Powell Canyon St,2023-02-13
34,Jessica Moran,133 Moss Pike St,2022-12-31
35,Nicolas White,134 Vega Highway St,2022-12-31
36,Joseph Hawkins,135 Miranda Circle St,2022-12-31
37,Anthony Hernandez,136 Alexander Pine St,2023-08-06
38,Keith Cox,137 Patrick Course St,2023-09-02
39,Carla Gallagher,138 Taylor Club St,2023-09-05
40,Robert Gilmore,139 Crystal Walks St,2023-05-09
41,Patricia Patel,140 Anna Cliffs St,2023-02-08
42,Lacey Tucker,141 Kerr Square St,2023-03-02
43,Walter Patterson,142 Ortiz Viaduct St,2022-12-31
44,Scott Mcconnell,143 Waters Bypass St,2023-06-04
45,Christina Mccormick,144 Paul Club St,2023-10-01
46,Stacy Ruiz,145 Alison Greens St,2023-03-11
47,John Smith,146 Stephanie Rapids St,2022-12-31
48,Jeffrey Calderon,147 Anthony Mountain St,2023-10-25
49,Andrew Mullins DDS,148 Nicole Mill St,2023-06-24
50,Amy Haynes,149 Johnny Garden St,2023-06-24
51,Bob Cantu,150 Holly Harbors St,2023-02-01
52,Victoria Gonzalez,151 Mark Views St,2023-04-18
53,Scott Alvarez,152 Sarah Points St,2023-04-19
54,Justin Zimmerman,153 Madeline Stream St,2023-07-23
55,Stephen Boyd,154 Chase Springs St,2022-12-31
56,Donald Horn,155 Morrow Path St,2023-04-26
57,Jenna Lynch,156 Robin Station St,2023-08-09
58,Kelly Peterson,157 Nguyen Keys St,2023-08-03
59,Katherine Hamilton,158 Jones Cliff St,2023-06-03
60,Melinda Jones,159 Rodriguez Groves St,2022-12-31
61,Christina Olsen,160 Austin Unions St,2023-11-16
62,Julian Lopez,161 Jeffrey Burgs St,2022-12-25
63,Krista Charles,162 Michelle Crossroad St,2022-12-30
64,Michael Davis,163 Martin Park St,2022-12-31
65,Paula Thomas,164 Nash Islands St,2023-10-23
66,Julie Pierce,165 Jason Garden St,2023-05-07
67,Charles Martin,166 April Terrace St,2023-07-02
68,Thomas Robles,167 Hines Prairie St,2023-11-22
69,Martha Lowe,168 Jason Villages St,2023-07-24
70,Amanda Robbins,169 Erin Hills St,2023-01-21
71,Kyle James,170 Perez Island St,2023-11-01
72,Matthew Singh,171 Jesse Grove St,2022-12-31
73,Kimberly Marsh,172 Thomas Mall St,2023-09-10
74,Tina Mata,173 Casey Trace St,2022-12-31
75,Darryl Nguyen,174 Amy Walks St,2022-12-11
76,Sean Goodwin DDS,175 Kevin Burg St,2023-10-12
77,Jennifer Martinez,176 Mays Curve St,2023-11-29
78,James Lewis,177 Mccarthy Throughway St,2022-12-18
79,Anita Thomas,178 Howard River St,2023-11-18
80,Matthew Walker,179 Lopez River St,2023-10-21
81,William Olson,180 Bailey Stream St,2023-07-11
82,Kent Jimenez,181 Wayne Isle St,2023-04-26
83,Bryan Newman,182 James Mission St,2023-03-25
84,Teresa Marquez,183 Kaitlyn Parks St,2022-12-31
85,Jessica Santana,184 Wilson Field St,2023-02-03
86,Edward Lozano,185 Jesse Gateway St,2023-09-17
87,Richard Higgins,186 Jon Road St,2023-01-21
88,Samuel Lawrence MD,187 Dorsey Curve St,2023-09-19
89,Stephen Robinson,188 Hunter Locks St,2023-07-14
90,John Murphy,189 Emily Land St,2022-12-31
91,Christine Harris,190 Jessica Throughway St,2023-11-03
92,Kathryn Henderson,191 Webb Square St,2022-12-31
93,Jeanette Smith,192 Turner Dam St,2023-06-07
94,Linda Moses,193 Megan Stravenue St,2023-07-21
95,Thomas Schultz,194 Johnson Centers St,2022-12-31
96,Yvonne Gibson,195 Taylor Camp St,2023-10-22
97,Larry Walker,196 Buchanan Light St,2022-12-31
98,Russell Wright,197 Wallace Alley St,2022-12-17
99,John Lopez,198 Banks Station St,2022-12-31
100,Jeffery Roberts,199 Byrd Hills St,2023-05-08
